No, name, age, salary, location
1, Jhon, 23, 1300, London
2, Jhon, 23, 1300, London
3, Jhon, 23, 1300, London
4, Jhon, 23, 1300, London
5, Jhon, 23, 1300, London
6, Jhon, 23, 1300, London
7, Jhon, 23, 1300, London
8, Jhon, 23, 1300, London
9, Jhon, 23, 1300, London
10, Jhon, 23, 1300, London
11, Jhon, 23, 1300, London
12, Jhon, 23, 1300, London
13, Jhon, 23, 1300, London
14, Jhon, 23, 1300, London
15, Jhon, 23, 1300, London
16, Jhon, 23, 1300, London
17, Jhon, 23, 1300, London
18, Jhon, 23, 1300, London
19, Jhon, 23, 1300, London
20, Jhon, 23, 1300, London
21, Jhon, 23, 1300, London
22, Jhon, 23, 1300, London
23, Jhon, 23, 1300, London
24, Jhon, 23, 1300, London
25, Jhon, 23, 1300, London
26, Jhon, 23, 1300, London
27, Jhon, 23, 1300, London